id_ressource;nom_ressource;origine;distributeur;url;statut_disponibilite;couverture_spatiale;actualisation;type_source;description_ressource;documentation_ressource;contraintes_ressource
1;Hydrométrie – Stations DAVAR / Bassins versants aux limnimètres;DAVAR;GEOREP;https://georep-dtsi-sgt.opendata.arcgis.com/maps/01ed729cd25a4927823a228a9770b2b3;Disponible;Nouvelle-calédonie;inconnu;vecteur;Métadonnées stations de jaugeage et limnimètres DAVAR;;Donnée non systématiquement disponible ou homogène selon les captages, nécessitant une consolidation des sources DAVAR.
2;unité de distribution (nom à vérifier);DASS;;Pas d’accès API;Interne;;inconnu;inconnu;Données DASS à vocation administrative interne – contacter DASS;https://dass.gouv.nc/sites/default/files/atoms/files/guide_1_-_description_de_l_unite_de_distribution_et_de_son_fonctionnement.pdf;"Données issues de bases non relationnelles nécessitant une structuration et une gestion des doublons ; les liens entre captage et unité de distribution sont à modéliser. Les informations sont hétérogènes (traitement, population) et nécessitent une standardisation, avec des incertitudes sur la répartition réelle des données estimées. L'effet de certains indicateurs (ex. interconnexion) sur la criticité reste ambigu et nécessite un arbitrage méthodologique."
3;AODPE;DAVAR;GEOREP;à identifier;A vérifier;Nouvelle-calédonie;Prévue en 2026/2027;inconnu;Données administratives DAVAR – contacter DAVAR;;"Donnée fiable mais nécessitant une mise à jour régulière ; la qualité des déclarations de volumes et le suivi des évolutions d'autorisations conditionnent la fiabilité de l'indicateur."
4;Périmètres de protection des eaux;DAVAR;GEOREP;https://georep-dtsi-sgt.opendata.arcgis.com/maps/b5a303d89f2f407e8c194983c86418a7/about;Disponible;Nouvelle-calédonie;inconnu;vecteur;Données administratives DAVAR;;Processus d’instruction long avec état intermédiaire. 
5;Captages d'eau;DAVAR;GEOREP;https://georep-dtsi-sgt.opendata.arcgis.com/maps/89e23d7a430b4e49b67fbd6f8a79bb7b/about;Disponible;Nouvelle-calédonie;inconnu;vecteur;Données administratives DAVAR ;;"Les typologies de captages doivent être standardisées pour assurer une comparaison cohérente ; certaines informations sont descriptives et susceptibles d'évoluer sans impact direct sur la criticité. Verifier que la données est bien à jour du GEOREP."
6;Bilan Besoin Ressource;DAVAR;GEOREP;https://www.arcgis.com/home/item.html?id=6d48f295daf5471a842054d9e050765d;Disponible;Nouvelle-calédonie;inconnu;inconnu;La couche BBR (bilan besoin / ressources) est calculée à partir des débits caractéristiques d’étiage médian (DCE2) auquel sont soustraits l'ensemble des prélèvements d’eau autorisés.;https://georep.nc/actualites/nouvelle-donnee-en-hydrologie-le-bilan-besoin-ressource;Donnée issue d’un modèle nécessitant validation et mise à jour régulière.
7;Base de données ATYA;DAVAR;;Pas d’accès API;Interne;;inconnu;inconnu;Données DASS/ATYA diffusion interne – contacter DASS;;Disponibilité limitée et complexité d’interprétation des données.
100;zones inscrites au patrimoine mondial de l'UNESCO;CEN;GEOREP;https://georep-dtsi-sgt.opendata.arcgis.com/maps/e17f6c38b47a435e9e73c102a7a1b933/about;Disponible;Nouvelle-calédonie;ponctuelle;vecteur;"Zone terrestres, qui représentent les bassins versants débouchant dans les zones inscrites dites ""zones de bien""";;Périmètres parfois imprécis à l'échelle locale.
101;Aires protégées de la Province Sud;PSUD;PSUD;https://www.province-sud.nc/open/metadonnees/8a8186dd9816d2da019c8d998c7700a0;Disponible;Province Sud;inconnu;vecteur;Aires terrestres protégées à compiler depuis les sources des 3 provinces;;Hétérogénéité des périmètres selon les provinces.
102;Aires protégées de la Province Nord;PNORD;PNORD;à identifier;Disponible;Province Nord;inconnu;vecteur;Aires terrestres protégées à compiler depuis les sources des 3 provinces;;Hétérogénéité des périmètres selon les provinces.
103;Aires protégées de la Province des Iles;PIL;PIL;à identifier;A vérifier;Province des Iles;inconnu;vecteur;Aires terrestres protégées à compiler depuis les sources des 3 provinces;;Hétérogénéité des périmètres selon les provinces.
104;Zones clés de biodiversité (KBA – Key Biodiversity Areas);CEN;GEOREP;https://georep-dtsi-sgt.opendata.arcgis.com/maps/934b1cad2b9045d8ac2c4d7b0a524f2e/about;Disponible;Nouvelle-calédonie;ponctuelle;vecteur;Standards UICN;;Données issues de bases internationales, à vérifier pour la Nouvelle-Calédonie.
105;Espèces rares et menacées (nom à vérifier);Endemia;ENDEMIA;à identifier;Disponible;Nouvelle-calédonie;inconnu;vecteur;Couche espèces menacées non publiée sur GéoRep – consulter directement ENDEMIA;;Données ponctuelles et incomplètes selon les groupes taxonomiques.
106;Forêt sèche – Indices de vulnérabilité;CEN;GEOREP;https://georep-dtsi-sgt.opendata.arcgis.com/maps/b9304b72009f45e6aa4fc2fab702e98b;Disponible;Nouvelle-calédonie;inconnu;vecteur;;;Cartographie partielle selon les provinces.
107;CARTOGRAPHIE – OCCUPATION DES SOLS (MOS 2014 – classes végétation);OEIL/GOUV;GEOREP;https://georep-dtsi-sgt.opendata.arcgis.com/documents/b1efecab06904c9996127a3ff5bdc586/about;Disponible;Nouvelle-calédonie;ponctuelle;vecteur;MOS 2014 (24 classes niv.3) + évolution provinces Nord et Îles Loyauté;;"Résolution et nomenclature variables selon les millésimes, limitant la comparabilité temporelle. L'indicateur repose sur une source unique (MOS) nécessitant une validation de la qualité et de la mise à jour ; l'accès aux données peut être limité selon les usages (données sensibles)."
108;Occupation du sol (dynamique world v1);Dynamic World V1;GEE;developers.google.com/earth-engine/datasets/catalog/GOOGLE_DYNAMICWORLD_V1;Disponible;Nouvelle-calédonie;5 jours;Raster;Identifier la classe correspondante sur la source et nécessite l’utilisation d’une carte de synthèse annuelle ou saisonnière;;"Résolution variable selon les millésimes ; l'indicateur repose sur une source unique nécessitant une validation de la qualité et de la mise à jour régulière."
109;Cartographie des surfaces forestières de Nouvelle-Calédonie;TMF;GEE;https://forobs.jrc.ec.europa.eu/TMF;Disponible;Nouvelle-calédonie;1 an;Raster;Utilisation de la donnée sans les classes des dynamiques;;Distinction perturbé/non perturbé à affiner selon le millésime.
110;Zones potentiellement brulées (VIIRS);OEIL;OEIL;https://geoportail.oeil.nc/geoportal/catalog/search/resource/details.page?uuid=%7B5D28AFE1-541C-4102-84F0-6959F769FA78%7D;Disponible;Nouvelle-calédonie;Tous les jours;vecteur;Surfaces potentiellement brûlées VIIRS depuis 2012. Il n’existe pas de source officielle qui fusionne les 2 capteurs VIIRS (SUOMI et JPSS);;Nécessité de faire une fusion des capteurs selon une stratégie cohérente  à partir des différents capteurs
111;Cartographie des formes érosives en Province Sud;OEIL;OEIL;https://geoportail.oeil.nc/cartenvironnement/?mapresources=FORMES_EROSIVES_2018;Disponible;Province Sud;ponctuelle;Raster;Érosion identifié et caractérisé uniquement sur la province Sud par imagerie satellite très haute résolution 2018/2019;;Données non homogènes spatialement, limitant la comparabilité à l’échelle du territoire.
112;Compilation des cartographies d'aléa mouvement de terrain communal à l'échelle 1:25 000ème.;DIMENC;GEOREP;https://dtsi-sgt.maps.arcgis.com/home/item.html?id=c472c49f798046b9b2c716c83523c324;Disponible;15 communes;inconnu;Raster;Aléa (très faible, faible, modéré, élevé);;Donnée modélisée et interprétée, non directement observée.
113;Espèces envahissantes ;ANCB;patrick Barrière ANCB;Pas d’accès API;Disponible;Nouvelle-calédonie;inconnu;vecteur;données régionalisées par communes, avec des bilans et des résultats de chasse;;Absence de base de données consolidée et incertitude sur la disponibilité (voir ANCP)
114;Installations Classées pour la Protection de l'Environnement;DIMENC;GEOREP;https://georep-dtsi-sgt.opendata.arcgis.com/maps/c2e17ea9c2e84b158ff02c7b0f46fdc7;Disponible;Nouvelle-calédonie;inconnu;vecteur;Peut être une compilation nécessaire avec les données des Provinces;;Données dispersées entre plusieurs acteurs, absence de base consolidée et typologie homogène.
115;Installations Classées pour la Protection de l'Environnement de la Province Sud;PSUD;PSUD;https://www.province-sud.nc/open/metadonnees/8a8186dd9816d2da019c8d998c7d00a5;Disponible;Province Sud;Quotidienne ;vecteur;Une Installation Classée pour la Protection de l’Environnement (ICPE) est une activité fixe à caractère industriel ou agricole susceptible de provoquer des pollutions, des nuisances ou des risques, notamment pour la sécurité, la santé des riverains et/ou l’environnement.;https://www.province-sud.nc/environnement/risques-et-menaces/icpe/;Données dispersées entre plusieurs acteurs, absence de base consolidée et typologie homogène.
116;Installations Classées pour la Protection de l'Environnement de la Province Nord;PNORD;PNORD;à identifier;A vérifier;Province Nord;inconnu;vecteur;Une Installation Classée pour la Protection de l’Environnement (ICPE) est une activité fixe à caractère industriel ou agricole susceptible de provoquer des pollutions, des nuisances ou des risques, notamment pour la sécurité, la santé des riverains et/ou l’environnement.;;Données dispersées entre plusieurs acteurs, absence de base consolidée et typologie homogène.
117;Installations Classées pour la Protection de l'Environnement de la Province des Iles;PIL;PIL;à identifier;A vérifier;Province des Iles;inconnu;vecteur;Une Installation Classée pour la Protection de l’Environnement (ICPE) est une activité fixe à caractère industriel ou agricole susceptible de provoquer des pollutions, des nuisances ou des risques, notamment pour la sécurité, la santé des riverains et/ou l’environnement.;;Données dispersées entre plusieurs acteurs, absence de base consolidée et typologie homogène.
118;Exploitation minière en Nouvelle-Calédonie : centres miniers et usines métallurgiques;DIMENC;GEOREP;https://dtsi-sgt.maps.arcgis.com/home/item.html?id=4e485fd6879142d9b52fe1bcea0c2cb1;Disponible;Nouvelle-calédonie;inconnu;vecteur;Centre minier et usine métallurgique (peut être fusionner avec les ICPE aussi ?);;Accès aux données limité (données sensibles ou non publiques).
119;cadastre minier actif (concessions, permis de recherches et réserves techniques provinciales) et échu;DIMENC;GEOREP;https://dtsi-sgt.maps.arcgis.com/home/item.html?id=e70295d0f4994702ad2d64e6c4156377;Disponible;Nouvelle-calédonie;inconnu;vecteur;Cadastre des exploitations minière avec statu réglementaire;;Accès aux données limité (données sensibles ou non publiques).
120;Localités et zones bâties;DITTT;GEOREP;https://georep-dtsi-sgt.opendata.arcgis.com/maps/10e4a961853245a38e6fb3e109f2b7d5;Disponible;Nouvelle-calédonie;inconnu;vecteur;Couche des  localités et zones bâties : Villes, lieux-dits, tribus – échelle 1/50 000 – mise à jour 2022. possibilité d’obtenir la surface du bâti associé et d’un nombre d’habitant (approximatif);;Dépendance à la qualité et à l’actualisation de la BD TOPO.
129;BDTOPO-NC;DITTT;DITTT;Sur convention;Disponible;Nouvelle-calédonie;annuelle;vecteur;Données brutes de la BDTOPO. Superficie par typologie de bâti. Disponible de la données sur commande.;;"Données incomplètes hors routes classées ; les pistes non classées sont parfois absentes, ce qui peut sous-estimer la pression sur le réseau hydrographique."
121;Réseau routier BDROUTE-NC;DITTT;GEOREP;https://georep-dtsi-sgt.opendata.arcgis.com/maps/d3915082450a4405bb30dda99e19bc61;Disponible;Nouvelle-calédonie;inconnu;vecteur;Base de données voies du territoire NC – ouvrages franchissant l'hydrographie;;Données incomplètes hors routes classées.
122;Franchissement du réseau hydrographique des BVAEP (nom à vérifier);DAVAR;;Pas d’accès API;A vérifier;;inconnu;vecteur;Base de données de la DAVAR identifiant les franchissements sur le réseau hydrographique;;Donnée robuste mais reposant sur un modèle, nécessitant une bonne compréhension.
123;"BDLISA-NC - Vulnérabilité intrinsèque des eaux souterraines (gdb)
";DIMENC;GEOREP;https://georep-dtsi-sgt.opendata.arcgis.com/documents/d7ab36bb69954aea882a63993428357a/about;Disponible;Nouvelle-calédonie;inconnu;vecteur;Base de Données des Limites Aquifères de Nouvelle-Calédonie pour la cartographie et la caractérisation hydrogéologiques des formations à l’échelle du territoire.  Cette donnée traduit la vulnérabilité, elle intègre différentes pressions et caractéristiques physiques et peut servir de synthèse pour évaluer le superficiel et le souterrain.;https://dimenc.gouv.nc/geologie/diffuser-la-connaissance-geologique/latlas-hydrogeologique-de-nouvelle-caledonie-bdlisa-nc;Selon le rapport de production la donnée intègre certaines pressions (MOS). Voir avec la DIMENC pour confirmer.
124;Géologie au 1/200 000e – DIMENC/SGNC-BRGM 1981;DIMENC;GEOREP;https://georep-dtsi-sgt.opendata.arcgis.com/documents/cbb272c52a0a4725a154d1be059bee17;Disponible;Nouvelle-calédonie;inconnu;Raster;Contours, surfaces, points et arcs structuraux géologiques;;Risque de redondance avec d’autres indicateurs et nécessité de simplification.
125;Géologie au 1/50 000e – DIMENC/SGNC-BRGM 2013;DIMENC;GEOREP;https://georep-dtsi-sgt.opendata.arcgis.com/documents/cd654cbb5d294cf79317e58727812586;Disponible;Nouvelle-calédonie;inconnu;Raster;Surfaces, contours, points structuraux géologiques et morphologiques;;Redondance avec d’autres indicateurs de disponibilité de la ressource. La BDLISA exploite cette source.
126;Pluviométrie – Stations Météo France;Météo France;GEOREP;https://georep-dtsi-sgt.opendata.arcgis.com/items/d1636f919647426f88c40548b948d790;Disponible;Nouvelle-calédonie;inconnu;vecteur;Données stations pluviométriques Météo France NC;;Réseau de mesure ponctuel, couverture territoriale partielle.
127;Base de données du sous-sol de NC (BDSSNC) – forages et hydrogéologie;DAVAR;GEOREP;https://georep.nc/node/1323;Disponible;Nouvelle-calédonie;Tous les mois;inconnu;Informations brutes géologiques et techniques des ouvrages souterrains – DIMENC/SGNC;;Croisement de sources nécessaire, avec incertitudes sur la précision spatiale.
128;Typologie de l’habitat;ISEE;ISEE;Sur convention;Disponible;Nouvelle-calédonie;4 ans;vecteur;Exploiter les données de typologie des logements ISEE non publiées sur GéoRep – croiser avec la couche zones bâties de la BDTOPO;;"Dépendance à la qualité et à l'actualisation de la BD TOPO ; l'exhaustivité varie selon les communes, pouvant introduire des biais dans les comparaisons territoriales."
130;Parcelle cadastrale;DITTT;GEOREP;https://cadastre.gouv.nc/;Disponible;Nouvelle-calédonie;Quotidienne ;vecteur;;;Les contours (limites) des parcelles ne sont pas diffusés librement. 
131;PUD des communes de la province SUD;PSUD;PSUD;https://www.province-sud.nc/open/metadonnees/8a8186dd9816d2da019c8d998c9d00b2;Disponible;Nouvelle-calédonie;annuelle;vecteur;Le Plan d’Urbanisme Directeur (PUD) est un document d’urbanisme, qui établit un projet global d’urbanisme et d’aménagement et fixe les règles générales d’utilisation du sol à l’échelle de la commune.;https://www.province-sud.nc/cartosudweb/app/carte/geolocalisation-des-autorisations-d'urbanisme#page-content;Certaines communes n’ont pas de PUD intégrés (ex.YATE)
132;PUD des communes de la province Nord;PNORD;PNORD;Pas d’accès API;A vérifier;Nouvelle-calédonie;annuelle;vecteur;Le Plan d’Urbanisme Directeur (PUD) est un document d’urbanisme, qui établit un projet global d’urbanisme et d’aménagement et fixe les règles générales d’utilisation du sol à l’échelle de la commune.;;
133;Établissements sensibles;;;;;;;;;;
134;Autres IOTA;;;;;;;;;;
